Workbook

Sheet Working Report
B2: R&D Section- Working Report
B3: Start on | C3: 01/08/2026 - 31/08/2026
B4: Date | C4: Employee code | D4: Job code | E4: MACHINE code | F4: DIE No. | G4: category code | H4: Part | I4: Detail | J4: Start | K4: Finish | L4: Gap | M4: LABOUR HOUR | O4: Job | P4: DLE No. | Q4: Category | R4: Part
L5: =K5-J5 -> 0 | M5: =L5*24 -> 0 | O5: =VLOOKUP(D5,'All code'!B:C,2,FALSE) -> #N/A | P5: =VLOOKUP(F5,'All code'!E:F,2,FALSE) -> #N/A | Q5: =VLOOKUP(G5,'All code'!H:I,2,FALSE) -> #N/A | R5: =VLOOKUP(H5,'All code'!K:L,2,FALSE) -> #N/A
L6: =K6-J6 -> 0 | M6: =L6*24 -> 0 | O6: =VLOOKUP(D6,'All code'!B:C,2,FALSE) -> #N/A | P6: =VLOOKUP(F6,'All code'!E:F,2,FALSE) -> #N/A | Q6: =VLOOKUP(G6,'All code'!H:I,2,FALSE) -> #N/A | R6: =VLOOKUP(H6,'All code'!K:L,2,FALSE) -> #N/A
L7: =K7-J7 -> 0 | M7: =L7*24 -> 0 | O7: =VLOOKUP(D7,'All code'!B:C,2,FALSE) -> #N/A | P7: =VLOOKUP(F7,'All code'!E:F,2,FALSE) -> #N/A | Q7: =VLOOKUP(G7,'All code'!H:I,2,FALSE) -> #N/A | R7: =VLOOKUP(H7,'All code'!K:L,2,FALSE) -> #N/A
L8: =K8-J8 -> 0 | M8: =L8*24 -> 0 | O8: =VLOOKUP(D8,'All code'!B:C,2,FALSE) -> #N/A | P8: =VLOOKUP(F8,'All code'!E:F,2,FALSE) -> #N/A | Q8: =VLOOKUP(G8,'All code'!H:I,2,FALSE) -> #N/A | R8: =VLOOKUP(H8,'All code'!K:L,2,FALSE) -> #N/A
L9: =K9-J9 -> 0 | M9: =L9*24 -> 0 | O9: =VLOOKUP(D9,'All code'!B:C,2,FALSE) -> #N/A | P9: =VLOOKUP(F9,'All code'!E:F,2,FALSE) -> #N/A | Q9: =VLOOKUP(G9,'All code'!H:I,2,FALSE) -> #N/A | R9: =VLOOKUP(H9,'All code'!K:L,2,FALSE) -> #N/A
L10: =K10-J10 -> 0 | M10: =L10*24 -> 0 | O10: =VLOOKUP(D10,'All code'!B:C,2,FALSE) -> #N/A | P10: =VLOOKUP(F10,'All code'!E:F,2,FALSE) -> #N/A | Q10: =VLOOKUP(G10,'All code'!H:I,2,FALSE) -> #N/A | R10: =VLOOKUP(H10,'All code'!K:L,2,FALSE) -> #N/A
L11: =K11-J11 -> 0 | M11: =L11*24 -> 0 | O11: =VLOOKUP(D11,'All code'!B:C,2,FALSE) -> #N/A | P11: =VLOOKUP(F11,'All code'!E:F,2,FALSE) -> #N/A | Q11: =VLOOKUP(G11,'All code'!H:I,2,FALSE) -> #N/A | R11: =VLOOKUP(H11,'All code'!K:L,2,FALSE) -> #N/A
L12: =K12-J12 -> 0 | M12: =L12*24 -> 0 | O12: =VLOOKUP(D12,'All code'!B:C,2,FALSE) -> #N/A | P12: =VLOOKUP(F12,'All code'!E:F,2,FALSE) -> #N/A | Q12: =VLOOKUP(G12,'All code'!H:I,2,FALSE) -> #N/A | R12: =VLOOKUP(H12,'All code'!K:L,2,FALSE) -> #N/A
L13: =K13-J13 -> 0 | M13: =L13*24 -> 0 | O13: =VLOOKUP(D13,'All code'!B:C,2,FALSE) -> #N/A | P13: =VLOOKUP(F13,'All code'!E:F,2,FALSE) -> #N/A | Q13: =VLOOKUP(G13,'All code'!H:I,2,FALSE) -> #N/A | R13: =VLOOKUP(H13,'All code'!K:L,2,FALSE) -> #N/A
L14: =K14-J14 -> 0 | M14: =L14*24 -> 0 | O14: =VLOOKUP(D14,'All code'!B:C,2,FALSE) -> #N/A | P14: =VLOOKUP(F14,'All code'!E:F,2,FALSE) -> #N/A | Q14: =VLOOKUP(G14,'All code'!H:I,2,FALSE) -> #N/A | R14: =VLOOKUP(H14,'All code'!K:L,2,FALSE) -> #N/A
L15: =K15-J15 -> 0 | M15: =L15*24 -> 0 | O15: =VLOOKUP(D15,'All code'!B:C,2,FALSE) -> #N/A | P15: =VLOOKUP(F15,'All code'!E:F,2,FALSE) -> #N/A | Q15: =VLOOKUP(G15,'All code'!H:I,2,FALSE) -> #N/A | R15: =VLOOKUP(H15,'All code'!K:L,2,FALSE) -> #N/A
L16: =K16-J16 -> 0 | M16: =L16*24 -> 0 | O16: =VLOOKUP(D16,'All code'!B:C,2,FALSE) -> #N/A | P16: =VLOOKUP(F16,'All code'!E:F,2,FALSE) -> #N/A | Q16: =VLOOKUP(G16,'All code'!H:I,2,FALSE) -> #N/A | R16: =VLOOKUP(H16,'All code'!K:L,2,FALSE) -> #N/A
... L220: =K220-J220 -> 0 | M220: =L220*24 -> 0 | O220: =VLOOKUP(D220,'All code'!B:C,2,FALSE) -> #N/A | P220: =VLOOKUP(F220,'All code'!E:F,2,FALSE) -> #N/A | Q220: =VLOOKUP(G220,'All code'!H:I,2,FALSE) -> #N/A | R220: =VLOOKUP(H220,'All code'!K:L,2,FALSE) -> #N/A

Sheet All code
B1: Job code | C1: Explain | E1: DIE No. | F1: Explain | H1: Category code | I1: Explain | K1: Part code | L1: Explain
B2: 7001 | C2: Analysis/serch information | E2: RDA01 | F2: Website - WST | H2: 7 | I2: R&D | K2: 909 | L2: R&D
B3: 7002 | C3: Design layout | E3: RDA02 | F3: IT consult - Tamatsuura
B4: 7003 | C4: Photo decoration | E4: RIA01 | F4: ARCANA
B5: 7004 | C5: Graphic design | E5: RIA02 | F5: Ying ja pai
B6: 7005 | C6: Coding | E6: RIA03 | F6: Support SAMT
B7: 7006 | C7: Creat document | E7: RIA04 | F7: Support R＆D
B8: 7007 | C8: Translate documents | E8: RIA05 | F8: Saiko
B9: 7008 | C9: Interpreter | E9: RIA06 | F9: SMC 2D mould quotation
B10: 7009 | C10: Meeting | E10: RIA07 | F10: Other NewBuisiness
B11: 7010 | C11: Off-site work/meeting with customer | E11: RIA08 | F11: SMC project
B12: 7099 | C12: Other | E12: RIA09 | F12: Attendance
E13: RIA10 | F13: WR Project
E14: RIA11 | F14: Booking
E15: RIA12 | F15: visitor
E16: RIA13 | F16: EM
E17: RIA14 | F17: New ECSite
E18: RDA04 | F18: Preparing for maxico
E19: RIA99 | F19: Other
